Name,Location,Description,Address,Telephone Number,Price,Cuisine Type,Dining Atmosphere,Sky-High Rooftop,Michelin-Guide,Customer Ratings,Operation Hours,Reservations,Dress Code,restaurant_metadata,simple_cuisine_group,dining_format,predicted_occasion,occasion_confidence,predicted_vibe,vibe_confidence,emotion_anger,emotion_disgust,emotion_fear,emotion_joy,emotion_neutral,emotion_sadness,emotion_surprise,dominant_emotion,overall_sentiment,sentiment_score,dining_mood
Somni,West Hollywood,A 14-seat Spanish Modernist chef's counter offering a 20+ course tasting menu led by Chef Aitor Zabala with one seating per night.,"9045 Nemo St, West Hollywood, CA 90069",Number Not Listed,$$$$$,Spanish Modernist,Fine-Dining,No,3-Star,5.0,Wed-Sun 7:30pm (one seating),Reservation Only,No,"Somni is a Spanish Modernist restaurant located in West Hollywood, Los Angeles. A 14-seat Spanish Modernist chef's counter offering a 20+ course tasting menu led by Chef Aitor Zabala with one seating per night. Price range: $$$$$. Atmosphere: Fine-Dining. Michelin Guide: Michelin 3-Star. Customer Rating: 5.0/5 Cuisine Group: Spanish. Dining Format: Tasting Menu / Omakase. Best For: Special Occasion. Vibe: Refined & Elegant Dining Mood: Intimate & Personal. Dominant Emotion: neutral. Overall Sentiment: Neutral.",Spanish,Tasting Menu / Omakase,Special Occasion,0.333,Refined & Elegant,0.5821,0.012,0.4099,0.0125,0.4879,0.914,0.0377,0.2162,neutral,Neutral,0.7853,Intimate & Personal
Providence,Hollywood,A celebrated seafood-forward fine dining institution from Chef Michael Cimarusti with nearly 20 years of Michelin recognition and a focus on West Coast ingredients.,"5955 Melrose Ave, Los Angeles, CA 90038",(323) 460-4170,$$$$,Seafood / Contemporary,Fine-Dining,No,3-Star,5.0,Tue-Thu 6pm-9pm / Fri-Sat 5:30pm-9:30pm,Reservation Only,No,"Providence is a Seafood / Contemporary restaurant located in Hollywood, Los Angeles. A celebrated seafood-forward fine dining institution from Chef Michael Cimarusti with nearly 20 years of Michelin recognition and a focus on West Coast ingredients. Price range: $$$$. Atmosphere: Fine-Dining. Michelin Guide: Michelin 3-Star. Customer Rating: 5.0/5 Cuisine Group: Seafood. Dining Format: Full Service. Best For: Special Occasion. Vibe: Hip & Trendy Dining Mood: Elegant & Refined. Dominant Emotion: neutral. Overall Sentiment: Positive.",Seafood,Full Service,Special Occasion,0.4971,Hip & Trendy,0.5285,0.0259,0.0264,0.0057,0.5403,0.9576,0.0103,0.0756,neutral,Positive,0.8813,Elegant & Refined
Hayato,Downtown Arts District,A 7-seat intimate kaiseki restaurant from Chef Brandon Go serving traditional Japanese multi-course dinners with handcrafted ceramics imported from Japan.,"1320 E 7th St Suite 126, Los Angeles, CA 90021",(213) 395-0607,$$$$,Japanese Kaiseki,Fine-Dining,No,2-Star,5.0,Tue-Sat (one seating nightly),Reservation Only,No,"Hayato is a Japanese Kaiseki restaurant located in Downtown Arts District, Los Angeles. A 7-seat intimate kaiseki restaurant from Chef Brandon Go serving traditional Japanese multi-course dinners with handcrafted ceramics imported from Japan. Price range: $$$$. Atmosphere: Fine-Dining. Michelin Guide: Michelin 2-Star. Customer Rating: 5.0/5 Cuisine Group: Japanese. Dining Format: Tasting Menu / Omakase. Best For: Special Occasion. Vibe: Intimate Dining Mood: Intimate & Personal. Dominant Emotion: neutral. Overall Sentiment: Neutral.",Japanese,Tasting Menu / Omakase,Special Occasion,0.3729,Intimate,0.7631,0.0097,0.0369,0.006,0.7157,0.9178,0.0109,0.0662,neutral,Neutral,0.6084,Intimate & Personal
n/naka,Palms,A serene 13-course modern kaiseki restaurant from Netflix Chef's Table star Niki Nakayama blending Japanese and Californian cuisine with a strictly enforced business casual dress code.,"3455 Overland Ave, Los Angeles, CA 90034",(310) 836-6252,$$$$,Japanese Kaiseki,Fine-Dining,No,2-Star,5.0,Wed-Sun 5:30pm-9pm,Reservation Only,Strict,"n/naka is a Japanese Kaiseki restaurant located in Palms, Los Angeles. A serene 13-course modern kaiseki restaurant from Netflix Chef's Table star Niki Nakayama blending Japanese and Californian cuisine with a strictly enforced business casual dress code. Price range: $$$$. Atmosphere: Fine-Dining. Michelin Guide: Michelin 2-Star. Customer Rating: 5.0/5 Cuisine Group: Japanese. Dining Format: Tasting Menu / Omakase. Best For: Special Occasion. Vibe: Refined & Elegant Dining Mood: Intimate & Personal. Dominant Emotion: joy. Overall Sentiment: Positive.",Japanese,Tasting Menu / Omakase,Special Occasion,0.266,Refined & Elegant,0.439,0.012,0.4099,0.006,0.9471,0.9178,0.0377,0.1084,joy,Positive,0.5908,Intimate & Personal
Melisse,Santa Monica,A hidden 14-seat fine dining alcove within sister restaurant Citrin offering a luxurious and frequently changing seasonal tasting menu from Chef Josiah Citrin.,"1104 Wilshire Blvd, Santa Monica, CA 90401",(310) 395-0881,$$$$,French / Contemporary American,Fine-Dining,No,2-Star,4.0,Tue-Sat (dinner only),Reservation Only,Yes,"Melisse is a French / Contemporary American restaurant located in Santa Monica, Los Angeles. A hidden 14-seat fine dining alcove within sister restaurant Citrin offering a luxurious and frequently changing seasonal tasting menu from Chef Josiah Citrin. Price range: $$$$. Atmosphere: Fine-Dining. Michelin Guide: Michelin 2-Star. Customer Rating: 4.0/5 Cuisine Group: French. Dining Format: Tasting Menu / Omakase. Best For: Special Occasion. Vibe: Refined & Elegant Dining Mood: Intimate & Personal. Dominant Emotion: neutral. Overall Sentiment: Positive.",French,Tasting Menu / Omakase,Special Occasion,0.3619,Refined & Elegant,0.3358,0.012,0.4099,0.006,0.4539,0.9178,0.0377,0.0692,neutral,Positive,0.6538,Intimate & Personal
Vespertine,Culver City,An avant-garde two-Michelin-star dining experience from Chef Jordan Kahn set inside a wavy obelisk architectural marvel with a sci-fi dreamscape atmosphere.,"3599 Hayden Ave, Culver City, CA 90232",(323) 320-4023,$$$$,Contemporary American / Innovative,Fine-Dining,No,2-Star,5.0,Wed-Sun (one seating nightly),Reservation Only,No,"Vespertine is a Contemporary American / Innovative restaurant located in Culver City, Los Angeles. An avant-garde two-Michelin-star dining experience from Chef Jordan Kahn set inside a wavy obelisk architectural marvel with a sci-fi dreamscape atmosphere. Price range: $$$$. Atmosphere: Fine-Dining. Michelin Guide: Michelin 2-Star. Customer Rating: 5.0/5 Cuisine Group: Contemporary American. Dining Format: Full Service. Best For: Special Occasion. Vibe: Hip & Trendy Dining Mood: Dramatic & Exciting. Dominant Emotion: neutral. Overall Sentiment: Positive.",Contemporary American,Full Service,Special Occasion,0.4762,Hip & Trendy,0.4622,0.0259,0.0264,0.0286,0.6113,0.9576,0.0103,0.1166,neutral,Positive,0.6789,Dramatic & Exciting
Sushi Kaneyoshi,Little Tokyo,A highly exclusive omakase sushi experience tucked in Little Tokyo offering pristine seasonal fish in an intimate counter setting.,"250 1st St B1, Los Angeles, CA 90012",(213) 277-2388,$$$$,Japanese / Sushi,Fine-Dining,No,1-Star,5.0,Tue-Sat (dinner seatings),Reservation Only,No,"Sushi Kaneyoshi is a Japanese / Sushi restaurant located in Little Tokyo, Los Angeles. A highly exclusive omakase sushi experience tucked in Little Tokyo offering pristine seasonal fish in an intimate counter setting. Price range: $$$$. Atmosphere: Fine-Dining. Michelin Guide: Michelin 1-Star. Customer Rating: 5.0/5 Cuisine Group: Japanese. Dining Format: Tasting Menu / Omakase. Best For: Special Occasion. Vibe: Intimate Dining Mood: Intimate & Personal. Dominant Emotion: neutral. Overall Sentiment: Positive.",Japanese,Tasting Menu / Omakase,Special Occasion,0.6343,Intimate,0.6135,0.0097,0.0369,0.0074,0.6678,0.914,0.0097,0.0651,neutral,Positive,0.7699,Intimate & Personal
Restaurant Ki,Little Tokyo,A 10-seat subterranean Korean contemporary tasting menu hidden in a hard-to-find backroom offering an intimate and innovative dining experience.,"111 San Pedro St, Los Angeles, CA 90012",(213) 786-3154,$$$$,Korean Contemporary,Fine-Dining,No,1-Star,5.0,Wed-Sun (dinner only),Reservation Only,No,"Restaurant Ki is a Korean Contemporary restaurant located in Little Tokyo, Los Angeles. A 10-seat subterranean Korean contemporary tasting menu hidden in a hard-to-find backroom offering an intimate and innovative dining experience. Price range: $$$$. Atmosphere: Fine-Dining. Michelin Guide: Michelin 1-Star. Customer Rating: 5.0/5 Cuisine Group: Asian Fusion. Dining Format: Tasting Menu / Omakase. Best For: Foodie Adventure. Vibe: Intimate Dining Mood: Dramatic & Exciting. Dominant Emotion: neutral. Overall Sentiment: Positive.",Asian Fusion,Tasting Menu / Omakase,Foodie Adventure,0.4734,Intimate,0.691,0.0069,0.0505,0.0479,0.4263,0.914,0.0088,0.2944,neutral,Positive,0.6682,Dramatic & Exciting
715 Sushi,Downtown Los Angeles,A minimalist omakase sushi counter in the Arts District offering a chef's choice multi-course menu with rustic Japanese interior design.,"738 E 3rd St, Los Angeles, CA 90013",(213) 547-0459,$$$$,Japanese / Sushi,Fine-Dining,No,1-Star,5.0,Tue-Sat (dinner only),Reservation Only,No,"715 Sushi is a Japanese / Sushi restaurant located in Downtown Los Angeles, Los Angeles. A minimalist omakase sushi counter in the Arts District offering a chef's choice multi-course menu with rustic Japanese interior design. Price range: $$$$. Atmosphere: Fine-Dining. Michelin Guide: Michelin 1-Star. Customer Rating: 5.0/5 Cuisine Group: Japanese. Dining Format: Tasting Menu / Omakase. Best For: Foodie Adventure. Vibe: Refined & Elegant Dining Mood: Intimate & Personal. Dominant Emotion: neutral. Overall Sentiment: Neutral.",Japanese,Tasting Menu / Omakase,Foodie Adventure,0.3484,Refined & Elegant,0.5298,0.012,0.4099,0.0075,0.4591,0.914,0.0377,0.0651,neutral,Neutral,0.5515,Intimate & Personal
Orsa & Winston,Downtown Los Angeles,An intimate fine dining restaurant offering a creative contemporary tasting menu with Italian and Japanese influences.,"122 W 4th St, Los Angeles, CA 90013",(213) 687-0300,$$$$,Contemporary,Fine-Dining,No,1-Star,4.8,Tue-Sat (dinner only),Reservation Only,No,"Orsa & Winston is a Contemporary restaurant located in Downtown Los Angeles, Los Angeles. An intimate fine dining restaurant offering a creative contemporary tasting menu with Italian and Japanese influences. Price range: $$$$. Atmosphere: Fine-Dining. Michelin Guide: Michelin 1-Star. Customer Rating: 4.8/5 Cuisine Group: Contemporary American. Dining Format: Tasting Menu / Omakase. Best For: Special Occasion. Vibe: Intimate Dining Mood: Intimate & Personal. Dominant Emotion: neutral. Overall Sentiment: Positive.",Contemporary American,Tasting Menu / Omakase,Special Occasion,0.3578,Intimate,0.7138,0.0097,0.0369,0.0125,0.8988,0.914,0.0124,0.1012,neutral,Positive,0.6199,Intimate & Personal
Camphor,Downtown Los Angeles,A refined French restaurant in the Arts District offering a creative menu inspired by French culinary traditions with global influences.,"923 E 3rd St Suite 109, Los Angeles, CA 90013",(213) 626-8888,$$$$,French,Fine-Dining,No,1-Star,4.7,Tue-Sat (dinner only),Reservation Only,No,"Camphor is a French restaurant located in Downtown Los Angeles, Los Angeles. A refined French restaurant in the Arts District offering a creative menu inspired by French culinary traditions with global influences. Price range: $$$$. Atmosphere: Fine-Dining. Michelin Guide: Michelin 1-Star. Customer Rating: 4.7/5 Cuisine Group: French. Dining Format: Full Service. Best For: Special Occasion. Vibe: Refined & Elegant Dining Mood: Elegant & Refined. Dominant Emotion: neutral. Overall Sentiment: Positive.",French,Full Service,Special Occasion,0.3777,Refined & Elegant,0.8531,0.012,0.4099,0.0136,0.7459,0.9576,0.0377,0.0801,neutral,Positive,0.5972,Elegant & Refined
Morihiro,Echo Park,A beloved neighborhood sushi restaurant from legendary Chef Morihiro Onodera serving exceptional omakase with house-made tofu and seasonal ingredients.,"1115 W. Sunset Blvd Suite 100 Los Angeles, CA 90026",(213) 737-1588,$$$$,Japanese,Fine-Dining,No,1-Star,5.0,Tue-Sat (dinner only),Reservation Only,No,"Morihiro is a Japanese restaurant located in Echo Park, Los Angeles. A beloved neighborhood sushi restaurant from legendary Chef Morihiro Onodera serving exceptional omakase with house-made tofu and seasonal ingredients. Price range: $$$$. Atmosphere: Fine-Dining. Michelin Guide: Michelin 1-Star. Customer Rating: 5.0/5 Cuisine Group: Japanese. Dining Format: Tasting Menu / Omakase. Best For: Special Occasion. Vibe: Refined & Elegant Dining Mood: Warm & Inviting. Dominant Emotion: neutral. Overall Sentiment: Positive.",Japanese,Tasting Menu / Omakase,Special Occasion,0.4451,Refined & Elegant,0.604,0.012,0.4099,0.0074,0.8919,0.914,0.0377,0.0769,neutral,Positive,0.8747,Warm & Inviting
Kato,Downtown Los Angeles,A Michelin-starred Taiwanese-Asian fusion tasting menu from Chef Jon Yao served in a relaxed industrial-chic setting with innovative seafood preparations.,"777 S. Alameda St. Building 1, Suite 114 Los Angeles, CA 90021",(213) 797-5770,$$$$,Asian / Taiwanese,Trendy,No,1-Star,4.9,Wed-Sun (dinner only),Reservation Only,No,"Kato is a Asian / Taiwanese restaurant located in Downtown Los Angeles, Los Angeles. A Michelin-starred Taiwanese-Asian fusion tasting menu from Chef Jon Yao served in a relaxed industrial-chic setting with innovative seafood preparations. Price range: $$$$. Atmosphere: Trendy. Michelin Guide: Michelin 1-Star. Customer Rating: 4.9/5 Cuisine Group: Asian Fusion. Dining Format: Tasting Menu / Omakase. Best For: Special Occasion. Vibe: Cozy & Relaxed Dining Mood: Dramatic & Exciting. Dominant Emotion: neutral. Overall Sentiment: Positive.",Asian Fusion,Tasting Menu / Omakase,Special Occasion,0.2849,Cozy & Relaxed,0.2744,0.0097,0.0369,0.0074,0.8221,0.914,0.0154,0.1206,neutral,Positive,0.8033,Dramatic & Exciting
Holbox,South Los Angeles,A Yucatecan-style seafood counter from Chef Gilberto Cetina Jr. inside Mercado La Paloma offering some of LA's most delicious and affordable Michelin-starred food.,"3655 S Grand Ave, Los Angeles, CA 90007",(213) 986-9972,$$,Mexican / Seafood,Casual,No,1-Star,5.0,Wed-Sun 11am-8pm,Yes,No,"Holbox is a Mexican / Seafood restaurant located in South Los Angeles, Los Angeles. A Yucatecan-style seafood counter from Chef Gilberto Cetina Jr. inside Mercado La Paloma offering some of LA's most delicious and affordable Michelin-starred food. Price range: $$. Atmosphere: Casual. Michelin Guide: Michelin 1-Star. Customer Rating: 5.0/5 Cuisine Group: Seafood. Dining Format: A La Carte / Casual. Best For: Business Dining. Vibe: Cozy & Relaxed Dining Mood: Warm & Inviting. Dominant Emotion: neutral. Overall Sentiment: Positive.",Seafood,A La Carte / Casual,Business Dining,0.2531,Cozy & Relaxed,0.6618,0.0085,0.0842,0.0084,0.7591,0.8899,0.0289,0.086,neutral,Positive,0.8666,Warm & Inviting
Gwen Butcher Shop & Restaurant,Hollywood,A glamorous Michelin-starred steakhouse and butcher shop from celebrity Chef Curtis Stone featuring a chandelier-lit dining room and premium dry-aged cuts.,"6600 Sunset Blvd, Los Angeles, CA 90028",(323) 946-7500,$$$$,American Steakhouse,Fine-Dining,No,1-Star,3.0,Tue-Sun (dinner only),Yes,No,"Gwen Butcher Shop & Restaurant is a American Steakhouse restaurant located in Hollywood, Los Angeles. A glamorous Michelin-starred steakhouse and butcher shop from celebrity Chef Curtis Stone featuring a chandelier-lit dining room and premium dry-aged cuts. Price range: $$$$. Atmosphere: Fine-Dining. Michelin Guide: Michelin 1-Star. Customer Rating: 3.0/5 Cuisine Group: Steakhouse. Dining Format: A La Carte / Casual. Best For: Special Occasion. Vibe: Refined & Elegant Dining Mood: Elegant & Refined. Dominant Emotion: joy. Overall Sentiment: Positive.",Steakhouse,A La Carte / Casual,Special Occasion,0.4442,Refined & Elegant,0.5252,0.012,0.4099,0.0084,0.9349,0.9052,0.0377,0.0963,joy,Positive,0.7457,Elegant & Refined
Heritage,Long Beach,A one-Michelin-star Californian tasting menu inside a converted Craftsman bungalow run by siblings Philip and Lauren Pretty using produce from their namesake urban farm.,"2030 E 7th St, Long Beach, CA 90804",(562) 343-1068,$$$,Californian,Romantic,No,1-Star,4.0,Wed-Sun (dinner only),Reservation Only,No,"Heritage is a Californian restaurant located in Long Beach, Los Angeles. A one-Michelin-star Californian tasting menu inside a converted Craftsman bungalow run by siblings Philip and Lauren Pretty using produce from their namesake urban farm. Price range: $$$. Atmosphere: Romantic. Michelin Guide: Michelin 1-Star. Customer Rating: 4.0/5 Cuisine Group: Contemporary American. Dining Format: Tasting Menu / Omakase. Best For: Special Occasion. Vibe: Refined & Elegant Dining Mood: Warm & Inviting. Dominant Emotion: neutral. Overall Sentiment: Neutral.",Contemporary American,Tasting Menu / Omakase,Special Occasion,0.4971,Refined & Elegant,0.3208,0.012,0.4099,0.0074,0.4623,0.914,0.0377,0.0969,neutral,Neutral,0.7671,Warm & Inviting
Sushi Inaba,Torrance,A one-Michelin-star intimate omakase sushi bar from Chef Yasuhiro Hirano featuring ultra-premium aged fish and exotic ingredients like mantis shrimp and Japanese oysters.,"20918 Hawthorne Blvd., Torrance, CA 90503",(310) 371-6675,$$$$,Japanese Omakase,Fine-Dining,No,1-Star,5.0,Wed-Sun (dinner only),Reservation Only,No,"Sushi Inaba is a Japanese Omakase restaurant located in Torrance, Los Angeles. A one-Michelin-star intimate omakase sushi bar from Chef Yasuhiro Hirano featuring ultra-premium aged fish and exotic ingredients like mantis shrimp and Japanese oysters. Price range: $$$$. Atmosphere: Fine-Dining. Michelin Guide: Michelin 1-Star. Customer Rating: 5.0/5 Cuisine Group: Japanese. Dining Format: Tasting Menu / Omakase. Best For: Special Occasion. Vibe: Intimate Dining Mood: Intimate & Personal. Dominant Emotion: neutral. Overall Sentiment: Neutral.",Japanese,Tasting Menu / Omakase,Special Occasion,0.4717,Intimate,0.6251,0.0097,0.0369,0.0074,0.6401,0.914,0.0091,0.0651,neutral,Neutral,0.6565,Intimate & Personal
Kali,Larchmont Village,A Michelin-starred Californian restaurant in the heart of Larchmont Village from Chefs Kevin Meehan and Drew Langley offering locally sourced seasonal tasting menus.,"5722 Melrose Ave, Los Angeles, CA 90038",(323) 871-4160,$$$,Californian,Romantic,No,1-Star,4.0,Tue-Sun (lunch & dinner),Yes,No,"Kali is a Californian restaurant located in Larchmont Village, Los Angeles. A Michelin-starred Californian restaurant in the heart of Larchmont Village from Chefs Kevin Meehan and Drew Langley offering locally sourced seasonal tasting menus. Price range: $$$. Atmosphere: Romantic. Michelin Guide: Michelin 1-Star. Customer Rating: 4.0/5 Cuisine Group: Contemporary American. Dining Format: Tasting Menu / Omakase. Best For: Special Occasion. Vibe: Theatrical & Experiential Dining Mood: Dramatic & Exciting. Dominant Emotion: neutral. Overall Sentiment: Neutral.",Contemporary American,Tasting Menu / Omakase,Special Occasion,0.4021,Theatrical & Experiential,0.3519,0.0097,0.0369,0.0078,0.8068,0.914,0.0102,0.0744,neutral,Neutral,0.5925,Dramatic & Exciting
Citrin,Santa Monica,A one-Michelin-star contemporary American restaurant from Chef Josiah Citrin serving comforting gourmet classics including cult-favorite lobster bolognese under truffle foam.,"1104 Wilshire Blvd, Santa Monica, CA 90401",(310) 395-0881,$$$,Contemporary American,Fine-Dining,No,1-Star,4.0,Daily (lunch & dinner),Yes,No,"Citrin is a Contemporary American restaurant located in Santa Monica, Los Angeles. A one-Michelin-star contemporary American restaurant from Chef Josiah Citrin serving comforting gourmet classics including cult-favorite lobster bolognese under truffle foam. Price range: $$$. Atmosphere: Fine-Dining. Michelin Guide: Michelin 1-Star. Customer Rating: 4.0/5 Cuisine Group: Contemporary American. Dining Format: Full Service. Best For: Special Occasion. Vibe: Refined & Elegant Dining Mood: Warm & Inviting. Dominant Emotion: neutral. Overall Sentiment: Positive.",Contemporary American,Full Service,Special Occasion,0.3919,Refined & Elegant,0.4093,0.012,0.4099,0.0074,0.563,0.9576,0.0377,0.0744,neutral,Positive,0.8076,Warm & Inviting
Gucci Osteria,Beverly Hills,A one-Michelin-star Italian restaurant above Rodeo Drive created with guidance from Chef Massimo Bottura offering whimsical modern Italian cuisine with California ingredients.,"347 N Rodeo Dr, Beverly Hills, CA 90210",(310) 278-3451,$$$$,Italian,Fine-Dining,No,1-Star,3.0,Tue-Sun (lunch & dinner),Yes,No,"Gucci Osteria is a Italian restaurant located in Beverly Hills, Los Angeles. A one-Michelin-star Italian restaurant above Rodeo Drive created with guidance from Chef Massimo Bottura offering whimsical modern Italian cuisine with California ingredients. Price range: $$$$. Atmosphere: Fine-Dining. Michelin Guide: Michelin 1-Star. Customer Rating: 3.0/5 Cuisine Group: Italian. Dining Format: Full Service. Best For: Special Occasion. Vibe: Hip & Trendy Dining Mood: Elegant & Refined. Dominant Emotion: neutral. Overall Sentiment: Positive.",Italian,Full Service,Special Occasion,0.372,Hip & Trendy,0.4063,0.0259,0.0264,0.0074,0.9572,0.9576,0.0109,0.077,neutral,Positive,0.6216,Elegant & Refined
Meteora,Hollywood,A one-Michelin-star global contemporary restaurant from Chef Jordan Kahn with a bird's nest entrance and Tulum-meets-primordial-ooze interiors featuring organic and foraged ingredients.,"6703 Melrose Ave, Los Angeles, CA 90038",(323) 402-4311,$$$,Global / Contemporary,Trendy,No,1-Star,4.0,Wed-Sun (dinner only),Reservation Only,No,"Meteora is a Global / Contemporary restaurant located in Hollywood, Los Angeles. A one-Michelin-star global contemporary restaurant from Chef Jordan Kahn with a bird's nest entrance and Tulum-meets-primordial-ooze interiors featuring organic and foraged ingredients. Price range: $$$. Atmosphere: Trendy. Michelin Guide: Michelin 1-Star. Customer Rating: 4.0/5 Cuisine Group: Contemporary American. Dining Format: Full Service. Best For: Special Occasion. Vibe: Hip & Trendy Dining Mood: Dramatic & Exciting. Dominant Emotion: neutral. Overall Sentiment: Neutral.",Contemporary American,Full Service,Special Occasion,0.3822,Hip & Trendy,0.4546,0.0259,0.0264,0.0074,0.4829,0.9576,0.0103,0.0756,neutral,Neutral,0.5197,Dramatic & Exciting
Mori Nozomi,West Los Angeles,A new one-Michelin-star omakase restaurant from Chef Nozomi Mori and her all-female team offering Osaka-style sushi with elements of traditional Japanese tea ceremony.,"11500 W Pico Blvd, Los Angeles, CA 90064",(424) 273-1176,$$$$,Japanese Omakase,Fine-Dining,No,1-Star,5.0,Wed-Sun (dinner only),Reservation Only,No,"Mori Nozomi is a Japanese Omakase restaurant located in West Los Angeles, Los Angeles. A new one-Michelin-star omakase restaurant from Chef Nozomi Mori and her all-female team offering Osaka-style sushi with elements of traditional Japanese tea ceremony. Price range: $$$$. Atmosphere: Fine-Dining. Michelin Guide: Michelin 1-Star. Customer Rating: 5.0/5 Cuisine Group: Japanese. Dining Format: Tasting Menu / Omakase. Best For: Special Occasion. Vibe: Refined & Elegant Dining Mood: Elegant & Refined. Dominant Emotion: neutral. Overall Sentiment: Neutral.",Japanese,Tasting Menu / Omakase,Special Occasion,0.3843,Refined & Elegant,0.5348,0.012,0.4099,0.0074,0.7309,0.914,0.0377,0.14,neutral,Neutral,0.6285,Elegant & Refined
Nozawa Bar,Beverly Hills,A one-Michelin-star 10-seat omakase counter tucked inside Beverly Hills Sugarfish serving 20+ courses of impeccably fresh fish on warm loosely packed rice.,"212 N Canon Dr, Beverly Hills, CA 90210",(424) 216-6158,$$$$,Japanese Omakase,Fine-Dining,No,1-Star,4.0,Mon-Sat (dinner only),Reservation Only,No,"Nozawa Bar is a Japanese Omakase restaurant located in Beverly Hills, Los Angeles. A one-Michelin-star 10-seat omakase counter tucked inside Beverly Hills Sugarfish serving 20+ courses of impeccably fresh fish on warm loosely packed rice. Price range: $$$$. Atmosphere: Fine-Dining. Michelin Guide: Michelin 1-Star. Customer Rating: 4.0/5 Cuisine Group: Japanese. Dining Format: Tasting Menu / Omakase. Best For: Special Occasion. Vibe: Refined & Elegant Dining Mood: Intimate & Personal. Dominant Emotion: neutral. Overall Sentiment: Neutral.",Japanese,Tasting Menu / Omakase,Special Occasion,0.3851,Refined & Elegant,0.5819,0.012,0.4099,0.0074,0.7482,0.914,0.0377,0.0876,neutral,Neutral,0.5397,Intimate & Personal
Pasta | Bar,Encino,A one-Michelin-star Italian-inspired multi-course tasting menu from Chef Phillip Frankland Lee featuring locally sourced Californian meat and seafood with handmade pasta centerpieces.,"16101 Ventura Blvd #255, Encino, CA 91436",(818) 208-1805,$$$,Italian,Fine-Dining,No,1-Star,3.0,Wed-Sun (dinner only),Reservation Only,No,"Pasta | Bar is a Italian restaurant located in Encino, Los Angeles. A one-Michelin-star Italian-inspired multi-course tasting menu from Chef Phillip Frankland Lee featuring locally sourced Californian meat and seafood with handmade pasta centerpieces. Price range: $$$. Atmosphere: Fine-Dining. Michelin Guide: Michelin 1-Star. Customer Rating: 3.0/5 Cuisine Group: Italian. Dining Format: Tasting Menu / Omakase. Best For: Special Occasion. Vibe: Refined & Elegant Dining Mood: Elegant & Refined. Dominant Emotion: neutral. Overall Sentiment: Neutral.",Italian,Tasting Menu / Omakase,Special Occasion,0.3671,Refined & Elegant,0.6067,0.012,0.4099,0.0074,0.4265,0.914,0.0377,0.077,neutral,Neutral,0.5564,Elegant & Refined
Shin Sushi,Encino,A one-Michelin-star cozy omakase den from Chef Taketoshi Azumi hidden in a strip mall offering about 18 courses of seasonally aged and delicately seasoned fish.,"16573 Ventura Blvd, Encino, CA 91436",(818) 616-4148,$$$$,Japanese Omakase,Fine-Dining,No,1-Star,4.0,Tue-Sat (dinner only),Reservation Only,No,"Shin Sushi is a Japanese Omakase restaurant located in Encino, Los Angeles. A one-Michelin-star cozy omakase den from Chef Taketoshi Azumi hidden in a strip mall offering about 18 courses of seasonally aged and delicately seasoned fish. Price range: $$$$. Atmosphere: Fine-Dining. Michelin Guide: Michelin 1-Star. Customer Rating: 4.0/5 Cuisine Group: Japanese. Dining Format: Tasting Menu / Omakase. Best For: Special Occasion. Vibe: Intimate Dining Mood: Intimate & Personal. Dominant Emotion: neutral. Overall Sentiment: Neutral.",Japanese,Tasting Menu / Omakase,Special Occasion,0.3878,Intimate,0.5357,0.0097,0.0369,0.0074,0.6174,0.914,0.0133,0.0718,neutral,Neutral,0.5972,Intimate & Personal
Uka at Japan House,Hollywood,A one-Michelin-star ultra-traditional kaiseki experience on the top floor of Ovation Hollywood featuring fish sourced weekly from Japan and a seasonally rotating menu.,"6801 Hollywood Blvd 4th Floor, Hollywood, CA 90028",(213) 808-2021,$$$$,Japanese Kaiseki,Fine-Dining,No,1-Star,4.5,Wed-Sun (dinner only),Reservation Only,No,"Uka at Japan House is a Japanese Kaiseki restaurant located in Hollywood, Los Angeles. A one-Michelin-star ultra-traditional kaiseki experience on the top floor of Ovation Hollywood featuring fish sourced weekly from Japan and a seasonally rotating menu. Price range: $$$$. Atmosphere: Fine-Dining. Michelin Guide: Michelin 1-Star. Customer Rating: 4.5/5 Cuisine Group: Japanese. Dining Format: Tasting Menu / Omakase. Best For: Special Occasion. Vibe: Refined & Elegant Dining Mood: Elegant & Refined. Dominant Emotion: neutral. Overall Sentiment: Neutral.",Japanese,Tasting Menu / Omakase,Special Occasion,0.4033,Refined & Elegant,0.6482,0.012,0.4099,0.0074,0.3427,0.914,0.0377,0.1214,neutral,Neutral,0.7677,Elegant & Refined
Maccheroni Republic,Downtown Los Angeles,A Michelin Bib Gourmand Italian-American trattoria offering rustic handmade pastas and classic Italian dishes in a warm casual setting.,"332 S Broadway, Los Angeles, CA 90013",(213) 346-9725,$$,Italian-American,Casual,No,Bib-Gourmand,4.5,Daily (lunch & dinner),Yes,No,"Maccheroni Republic is a Italian-American restaurant located in Downtown Los Angeles, Los Angeles. A Michelin Bib Gourmand Italian-American trattoria offering rustic handmade pastas and classic Italian dishes in a warm casual setting. Price range: $$. Atmosphere: Casual. Michelin Guide: Michelin Bib-Gourmand. Customer Rating: 4.5/5 Cuisine Group: Italian. Dining Format: A La Carte / Casual. Best For: Casual Night Out. Vibe: Cozy & Relaxed Dining Mood: Warm & Inviting. Dominant Emotion: neutral. Overall Sentiment: Neutral.",Italian,A La Carte / Casual,Casual Night Out,0.2891,Cozy & Relaxed,0.5771,0.006,0.0842,0.0194,0.8756,0.9259,0.0289,0.0875,neutral,Neutral,0.5199,Warm & Inviting
The Factory Kitchen,Downtown Los Angeles,A Michelin Bib Gourmand Italian restaurant in the Arts District known for its exceptional handmade pasta and wood-fired dishes in an industrial-chic space.,"1300 Factory Pl, Los Angeles, CA 90013",(213) 996-6000,$$,Italian,Trendy,No,Bib-Gourmand,4.6,Mon-Sat (lunch & dinner),Yes,No,"The Factory Kitchen is a Italian restaurant located in Downtown Los Angeles, Los Angeles. A Michelin Bib Gourmand Italian restaurant in the Arts District known for its exceptional handmade pasta and wood-fired dishes in an industrial-chic space. Price range: $$. Atmosphere: Trendy. Michelin Guide: Michelin Bib-Gourmand. Customer Rating: 4.6/5 Cuisine Group: Italian. Dining Format: Full Service. Best For: Special Occasion. Vibe: Refined & Elegant Dining Mood: Elegant & Refined. Dominant Emotion: neutral. Overall Sentiment: Positive.",Italian,Full Service,Special Occasion,0.3451,Refined & Elegant,0.4705,0.012,0.4099,0.0194,0.8773,0.9576,0.0377,0.0847,neutral,Positive,0.7266,Elegant & Refined
Pizzeria Bianco,Downtown Los Angeles,A Michelin Bib Gourmand outpost of the legendary Phoenix pizzeria from Chris Bianco offering wood-fired artisan pizzas with exceptional house-made ingredients.,"1320 E 7th St, Suite 100, Los Angeles, CA 90021",(213) 372-5755,$$,Pizza,Casual,No,Bib-Gourmand,4.7,Wed-Sun (lunch & dinner),Yes,No,"Pizzeria Bianco is a Pizza restaurant located in Downtown Los Angeles, Los Angeles. A Michelin Bib Gourmand outpost of the legendary Phoenix pizzeria from Chris Bianco offering wood-fired artisan pizzas with exceptional house-made ingredients. Price range: $$. Atmosphere: Casual. Michelin Guide: Michelin Bib-Gourmand. Customer Rating: 4.7/5 Cuisine Group: Italian. Dining Format: A La Carte / Casual. Best For: Special Occasion. Vibe: Cozy & Relaxed Dining Mood: Warm & Inviting. Dominant Emotion: neutral. Overall Sentiment: Positive.",Italian,A La Carte / Casual,Special Occasion,0.271,Cozy & Relaxed,0.4127,0.0097,0.0842,0.0194,0.7591,0.9259,0.0289,0.123,neutral,Positive,0.6407,Warm & Inviting
Tsubaki,Echo Park,A Michelin Bib Gourmand Japanese restaurant and bar offering a refined izakaya menu with Japanese whisky cocktails in a modern relaxed setting.,"1356 Allison Ave, Los Angeles, CA 90026",(213) 900-4900,$$,Japanese,Trendy,No,Bib-Gourmand,4.7,Tue-Sun (dinner only),Yes,No,"Tsubaki is a Japanese restaurant located in Echo Park, Los Angeles. A Michelin Bib Gourmand Japanese restaurant and bar offering a refined izakaya menu with Japanese whisky cocktails in a modern relaxed setting. Price range: $$. Atmosphere: Trendy. Michelin Guide: Michelin Bib-Gourmand. Customer Rating: 4.7/5 Cuisine Group: Japanese. Dining Format: Full Service. Best For: Casual Night Out. Vibe: Refined & Elegant Dining Mood: Elegant & Refined. Dominant Emotion: neutral. Overall Sentiment: Neutral.",Japanese,Full Service,Casual Night Out,0.3765,Refined & Elegant,0.4318,0.012,0.4099,0.0194,0.8544,0.9576,0.0377,0.0827,neutral,Neutral,0.5077,Elegant & Refined
Langer's,Westlake,A Michelin Bib Gourmand iconic LA deli institution celebrated for its hand-cut pastrami sandwiches served since 1947 near MacArthur Park.,"704 S Alvarado St, Los Angeles, CA 90057",(213) 483-8050,$$,Deli,Casual,No,Bib-Gourmand,4.8,Mon-Sat 8am-4pm,No,No,"Langer's is a Deli restaurant located in Westlake, Los Angeles. A Michelin Bib Gourmand iconic LA deli institution celebrated for its hand-cut pastrami sandwiches served since 1947 near MacArthur Park. Price range: $$. Atmosphere: Casual. Michelin Guide: Michelin Bib-Gourmand. Customer Rating: 4.8/5 Cuisine Group: American Casual. Dining Format: A La Carte / Casual. Best For: Special Occasion. Vibe: Refined & Elegant Dining Mood: Warm & Inviting. Dominant Emotion: neutral. Overall Sentiment: Positive.",American Casual,A La Carte / Casual,Special Occasion,0.2884,Refined & Elegant,0.4042,0.012,0.4099,0.0194,0.8124,0.9259,0.0377,0.0594,neutral,Positive,0.8187,Warm & Inviting
Moo's Craft Barbecue,Lincoln Heights,A Michelin Bib Gourmand Texas-style craft barbecue spot from a husband-and-wife team serving brisket smoked low and slow with scratch-made sides.,"2118 N. Broadway, Los Angeles, CA 90031",(323) 686-4133,$$,Barbecue,Casual,No,Bib-Gourmand,4.7,Thu-Sun (lunch only),No,No,"Moo's Craft Barbecue is a Barbecue restaurant located in Lincoln Heights, Los Angeles. A Michelin Bib Gourmand Texas-style craft barbecue spot from a husband-and-wife team serving brisket smoked low and slow with scratch-made sides. Price range: $$. Atmosphere: Casual. Michelin Guide: Michelin Bib-Gourmand. Customer Rating: 4.7/5 Cuisine Group: Steakhouse. Dining Format: A La Carte / Casual. Best For: Special Occasion. Vibe: Cozy & Relaxed Dining Mood: Warm & Inviting. Dominant Emotion: neutral. Overall Sentiment: Neutral.",Steakhouse,A La Carte / Casual,Special Occasion,0.2592,Cozy & Relaxed,0.4622,0.0278,0.0842,0.0194,0.7591,0.9259,0.0289,0.0669,neutral,Neutral,0.7922,Warm & Inviting
Rasarumah,Los Angeles,A Michelin Bib Gourmand Malaysian restaurant newly added in 2025 offering authentic and vibrant Malaysian street food dishes in a welcoming atmosphere.,"3107 Beverly Blvd, Los Angeles, CA 90026",(213) 567-3547,$$$,Malaysian,Casual,No,Bib-Gourmand,4.8,Tue-Sun (lunch & dinner),Yes,No,"Rasarumah is a Malaysian restaurant located in Los Angeles, Los Angeles. A Michelin Bib Gourmand Malaysian restaurant newly added in 2025 offering authentic and vibrant Malaysian street food dishes in a welcoming atmosphere. Price range: $$$. Atmosphere: Casual. Michelin Guide: Michelin Bib-Gourmand. Customer Rating: 4.8/5 Cuisine Group: Asian Fusion. Dining Format: A La Carte / Casual. Best For: Special Occasion. Vibe: Cozy & Relaxed Dining Mood: Warm & Inviting. Dominant Emotion: joy. Overall Sentiment: Positive.",Asian Fusion,A La Carte / Casual,Special Occasion,0.2903,Cozy & Relaxed,0.682,0.0097,0.0842,0.0194,0.9589,0.9259,0.0289,0.1298,joy,Positive,0.8741,Warm & Inviting
Komal,Los Angeles,A new 2025 Michelin Bib Gourmand Mexican restaurant offering deeply flavored regional Mexican dishes with a focus on corn-based preparations and traditional techniques.,"3655 S Grand Ave Space C-9, Los Angeles, CA 90007",(213) 275-1062,$,Mexican,Casual,No,Bib-Gourmand,4.8,Wed-Sun (lunch & dinner),Yes,No,"Komal is a Mexican restaurant located in Los Angeles, Los Angeles. A new 2025 Michelin Bib Gourmand Mexican restaurant offering deeply flavored regional Mexican dishes with a focus on corn-based preparations and traditional techniques. Price range: $. Atmosphere: Casual. Michelin Guide: Michelin Bib-Gourmand. Customer Rating: 4.8/5 Cuisine Group: Mexican / Latin. Dining Format: A La Carte / Casual. Best For: Special Occasion. Vibe: Refined & Elegant Dining Mood: Elegant & Refined. Dominant Emotion: neutral. Overall Sentiment: Neutral.",Mexican / Latin,A La Carte / Casual,Special Occasion,0.3478,Refined & Elegant,0.2865,0.012,0.4099,0.0194,0.265,0.9259,0.0377,0.0767,neutral,Neutral,0.7937,Elegant & Refined
Pine & Crane,Downtown Los Angeles,The 2nd Location of the Michelin Bib Gourmand Taiwanese-inspired restaurant in DTLA offering affordable and flavorful dishes.,"1120 S Grand Ave Unit 101, Los Angeles, CA 90015",(213) 536-5292,$,Asian / Taiwanese,Casual,No,Bib-Gourmand,4.6,Daily (breakfast lunch & dinner),Yes,No,"Pine & Crane is a Asian / Taiwanese restaurant located in Downtown Los Angeles, Los Angeles. The 2nd Location of the Michelin Bib Gourmand Taiwanese-inspired restaurant in DTLA offering affordable and flavorful dishes. Price range: $. Atmosphere: Casual. Michelin Guide: Michelin Bib-Gourmand. Customer Rating: 4.6/5 Cuisine Group: Asian Fusion. Dining Format: A La Carte / Casual. Best For: Foodie Adventure. Vibe: Cozy & Relaxed Dining Mood: Warm & Inviting. Dominant Emotion: neutral. Overall Sentiment: Positive.",Asian Fusion,A La Carte / Casual,Foodie Adventure,0.2372,Cozy & Relaxed,0.3984,0.0069,0.0842,0.0194,0.915,0.9259,0.0289,0.1101,neutral,Positive,0.6521,Warm & Inviting
Pine & Crane,Silver Lake,A Michelin Bib Gourmand Taiwanese-inspired restaurant in Silver Lake offering affordable and flavorful dishes including scallion pancakes and braised pork rice.,"1521 Griffith Park Blvd, Los Angeles, CA 90026",(323) 668-1128,$,Asian / Taiwanese,Casual,No,Bib-Gourmand,4.6,Daily (lunch & dinner),Yes,No,"Pine & Crane is a Asian / Taiwanese restaurant located in Silver Lake, Los Angeles. A Michelin Bib Gourmand Taiwanese-inspired restaurant in Silver Lake offering affordable and flavorful dishes including scallion pancakes and braised pork rice. Price range: $. Atmosphere: Casual. Michelin Guide: Michelin Bib-Gourmand. Customer Rating: 4.6/5 Cuisine Group: Asian Fusion. Dining Format: A La Carte / Casual. Best For: Foodie Adventure. Vibe: Cozy & Relaxed Dining Mood: Warm & Inviting. Dominant Emotion: neutral. Overall Sentiment: Positive.",Asian Fusion,A La Carte / Casual,Foodie Adventure,0.2551,Cozy & Relaxed,0.3829,0.0069,0.0842,0.0194,0.7591,0.9259,0.0289,0.1101,neutral,Positive,0.5818,Warm & Inviting
71Above,Downtown Los Angeles,A breathtaking contemporary American fine dining restaurant on the 71st floor of the US Bank Tower offering sweeping panoramic views from Malibu to the mountains.,"633 W 5th St 71st Floor, Los Angeles, CA 90071",(213) 712-2683,$$$$,Contemporary American,Fine-Dining,Yes,No,4.7,Tue-Sun (dinner only),Yes,Yes,"71Above is a Contemporary American restaurant located in Downtown Los Angeles, Los Angeles. A breathtaking contemporary American fine dining restaurant on the 71st floor of the US Bank Tower offering sweeping panoramic views from Malibu to the mountains. Price range: $$$$. Atmosphere: Fine-Dining. Michelin Guide: No. Customer Rating: 4.7/5. Rooftop/top-floor dining Cuisine Group: Contemporary American. Dining Format: Full Service. Best For: Special Occasion. Vibe: Refined & Elegant Dining Mood: Elegant & Refined. Dominant Emotion: neutral. Overall Sentiment: Positive.",Contemporary American,Full Service,Special Occasion,0.5223,Refined & Elegant,0.423,0.012,0.4099,0.015,0.862,0.9576,0.0377,0.0724,neutral,Positive,0.8417,Elegant & Refined
CUT by Wolfgang Puck,Beverly Hills,The most acclaimed steakhouse in the US from Wolfgang Puck set inside the Beverly Wilshire Hotel offering prime and wagyu cuts with sleek modern decor.,"9500 Wilshire Blvd, Beverly Hills, CA 90212",(310) 276-8500,$$$$,Steakhouse,Fine-Dining,No,No,5.0,Daily (dinner only),Yes,Yes,"CUT by Wolfgang Puck is a Steakhouse restaurant located in Beverly Hills, Los Angeles. The most acclaimed steakhouse in the US from Wolfgang Puck set inside the Beverly Wilshire Hotel offering prime and wagyu cuts with sleek modern decor. Price range: $$$$. Atmosphere: Fine-Dining. Michelin Guide: No. Customer Rating: 5.0/5 Cuisine Group: Steakhouse. Dining Format: Full Service. Best For: Foodie Adventure. Vibe: Refined & Elegant Dining Mood: Elegant & Refined. Dominant Emotion: neutral. Overall Sentiment: Positive.",Steakhouse,Full Service,Foodie Adventure,0.3657,Refined & Elegant,0.5757,0.0791,0.4099,0.0047,0.566,0.9576,0.0377,0.087,neutral,Positive,0.8974,Elegant & Refined
Osteria Mozza,Hollywood,One of LA's most prestigious Italian dining destinations from Nancy Silverton offering house-made mozzarella tableside and exceptional pastas and wood-fired dishes.,"6602 Melrose Ave, Los Angeles, CA 90038",(323) 297-0100,$$$$,Italian,Fine-Dining,No,No,4.9,Daily (lunch & dinner),Yes,No,"Osteria Mozza is a Italian restaurant located in Hollywood, Los Angeles. One of LA's most prestigious Italian dining destinations from Nancy Silverton offering house-made mozzarella tableside and exceptional pastas and wood-fired dishes. Price range: $$$$. Atmosphere: Fine-Dining. Michelin Guide: No. Customer Rating: 4.9/5 Cuisine Group: Italian. Dining Format: Full Service. Best For: Special Occasion. Vibe: Refined & Elegant Dining Mood: Warm & Inviting. Dominant Emotion: neutral. Overall Sentiment: Positive.",Italian,Full Service,Special Occasion,0.3842,Refined & Elegant,0.6759,0.012,0.4099,0.0045,0.5157,0.9576,0.0377,0.1041,neutral,Positive,0.8675,Warm & Inviting
Chi Spacca,Hollywood,The most expensive Italian restaurant in LA from the Mozza team specializing in expertly dry-aged meats and Tuscan-inspired dishes in a sophisticated rustic setting.,"6610 Melrose Ave, Los Angeles, CA 90038",(323) 297-1133,$$$$,Italian / Tuscan,Fine-Dining,No,No,5.0,Daily (dinner only),Yes,No,"Chi Spacca is a Italian / Tuscan restaurant located in Hollywood, Los Angeles. The most expensive Italian restaurant in LA from the Mozza team specializing in expertly dry-aged meats and Tuscan-inspired dishes in a sophisticated rustic setting. Price range: $$$$. Atmosphere: Fine-Dining. Michelin Guide: No. Customer Rating: 5.0/5 Cuisine Group: Italian. Dining Format: Full Service. Best For: Special Occasion. Vibe: Refined & Elegant Dining Mood: Warm & Inviting. Dominant Emotion: neutral. Overall Sentiment: Positive.",Italian,Full Service,Special Occasion,0.4016,Refined & Elegant,0.6488,0.012,0.4099,0.005,0.5277,0.9576,0.0377,0.077,neutral,Positive,0.8317,Warm & Inviting
La Boucherie,Downtown Los Angeles,An elegant American steak and seafood restaurant with floor-to-ceiling panoramic LA skyline views a cheese cave and a Wine Spectator award-winning wine list.,"900 Wilshire Blvd fl 71, Los Angeles, CA 90017",(213) 688-7777,$$$$,Steakhouse,Fine-Dining,Yes,No,4.5,Tue-Sun (dinner only),Yes,Yes,"La Boucherie is a Steakhouse restaurant located in Downtown Los Angeles, Los Angeles. An elegant American steak and seafood restaurant with floor-to-ceiling panoramic LA skyline views a cheese cave and a Wine Spectator award-winning wine list. Price range: $$$$. Atmosphere: Fine-Dining. Michelin Guide: No. Customer Rating: 4.5/5. Rooftop/top-floor dining Cuisine Group: Steakhouse. Dining Format: Full Service. Best For: Foodie Adventure. Vibe: Refined & Elegant Dining Mood: Elegant & Refined. Dominant Emotion: neutral. Overall Sentiment: Positive.",Steakhouse,Full Service,Foodie Adventure,0.3595,Refined & Elegant,0.6678,0.012,0.4099,0.0049,0.9245,0.9576,0.0377,0.0936,neutral,Positive,0.8563,Elegant & Refined
Mastro's Ocean Club,Malibu,A world-class steakhouse and seafood destination known for highly acclaimed cuisine live entertainment and an elegant yet energetic atmosphere.,"18412 Pacific Coast Hwy., Malibu, CA 90265",(310) 454-4357,$$$$,Steakhouse / Seafood,Fine-Dining,No,No,4.4,Daily (dinner only),Yes,Yes,"Mastro's Ocean Club is a Steakhouse / Seafood restaurant located in Malibu, Los Angeles. A world-class steakhouse and seafood destination known for highly acclaimed cuisine live entertainment and an elegant yet energetic atmosphere. Price range: $$$$. Atmosphere: Fine-Dining. Michelin Guide: No. Customer Rating: 4.4/5 Cuisine Group: Steakhouse. Dining Format: Full Service. Best For: Special Occasion. Vibe: Theatrical & Experiential Dining Mood: Dramatic & Exciting. Dominant Emotion: neutral. Overall Sentiment: Positive.",Steakhouse,Full Service,Special Occasion,0.3851,Theatrical & Experiential,0.4104,0.0097,0.0283,0.0078,0.928,0.9576,0.0102,0.07,neutral,Positive,0.9574,Dramatic & Exciting
Ocean Prime,Beverly Hills,A sophisticated seafood and steakhouse steps from Rodeo Drive offering chef-curated menus signature handcrafted cocktails and a Wine Spectator honored wine list.,"9595 Wilshire Blvd, Beverly Hills, CA 90212",(310) 859-4818,$$$$,Seafood / Steakhouse,Fine-Dining,No,No,4.7,Daily (lunch & dinner),Yes,Yes,"Ocean Prime is a Seafood / Steakhouse restaurant located in Beverly Hills, Los Angeles. A sophisticated seafood and steakhouse steps from Rodeo Drive offering chef-curated menus signature handcrafted cocktails and a Wine Spectator honored wine list. Price range: $$$$. Atmosphere: Fine-Dining. Michelin Guide: No. Customer Rating: 4.7/5 Cuisine Group: Seafood. Dining Format: Full Service. Best For: Special Occasion. Vibe: Refined & Elegant Dining Mood: Elegant & Refined. Dominant Emotion: neutral. Overall Sentiment: Positive.",Seafood,Full Service,Special Occasion,0.4429,Refined & Elegant,0.5752,0.012,0.4099,0.0045,0.8843,0.9576,0.0377,0.0512,neutral,Positive,0.5582,Elegant & Refined
Bestia,Downtown Arts District,An iconic LA Italian restaurant from Chef Ori Menashe in an industrial-chic Arts District space offering award-winning house-cured meats pastas and wood-roasted dishes.,"2121 E 7th Pl, Los Angeles, CA 90021",(213) 514-5724,$$$$,Italian,Trendy,No,No,4.8,Daily (dinner only),Yes,No,"Bestia is a Italian restaurant located in Downtown Arts District, Los Angeles. An iconic LA Italian restaurant from Chef Ori Menashe in an industrial-chic Arts District space offering award-winning house-cured meats pastas and wood-roasted dishes. Price range: $$$$. Atmosphere: Trendy. Michelin Guide: No. Customer Rating: 4.8/5 Cuisine Group: Italian. Dining Format: Full Service. Best For: Special Occasion. Vibe: Hip & Trendy Dining Mood: Warm & Inviting. Dominant Emotion: neutral. Overall Sentiment: Positive.",Italian,Full Service,Special Occasion,0.3684,Hip & Trendy,0.3769,0.0259,0.0264,0.0038,0.6345,0.9576,0.0106,0.1049,neutral,Positive,0.83,Warm & Inviting
Capo,Santa Monica,An elegant candlelit Italian restaurant in Santa Monica offering chef-driven modernist cuisine warm hospitality and prime Flannery steaks in a cozy luxurious atmosphere.,"1810 Ocean Ave, Santa Monica, CA 90401",(310) 394-5550,$$$$,Italian / Modernist,Romantic,No,No,5.0,Tue-Sun (dinner only),Yes,No,"Capo is a Italian / Modernist restaurant located in Santa Monica, Los Angeles. An elegant candlelit Italian restaurant in Santa Monica offering chef-driven modernist cuisine warm hospitality and prime Flannery steaks in a cozy luxurious atmosphere. Price range: $$$$. Atmosphere: Romantic. Michelin Guide: No. Customer Rating: 5.0/5 Cuisine Group: Italian. Dining Format: Full Service. Best For: Special Occasion. Vibe: Cozy & Relaxed Dining Mood: Warm & Inviting. Dominant Emotion: neutral. Overall Sentiment: Positive.",Italian,Full Service,Special Occasion,0.4305,Cozy & Relaxed,0.3288,0.0097,0.0162,0.0064,0.957,0.9576,0.0154,0.077,neutral,Positive,0.8742,Warm & Inviting
Niku X,Downtown Los Angeles,A high-end Japanese steakhouse experience offering premium A5 Wagyu and a theatrical multi-course dining journey in an intimate upscale setting.,"900 Wilshire Blvd Ste 212, Los Angeles, CA 90017",(323) 920-0302,$$$$$,Japanese / Steakhouse,Fine-Dining,No,No,5.0,Wed-Sun (dinner only),Reservation Only,Yes,"Niku X is a Japanese / Steakhouse restaurant located in Downtown Los Angeles, Los Angeles. A high-end Japanese steakhouse experience offering premium A5 Wagyu and a theatrical multi-course dining journey in an intimate upscale setting. Price range: $$$$$. Atmosphere: Fine-Dining. Michelin Guide: No. Customer Rating: 5.0/5 Cuisine Group: Japanese Fusion. Dining Format: Tasting Menu / Omakase. Best For: Foodie Adventure. Vibe: Theatrical & Experiential Dining Mood: Dramatic & Exciting. Dominant Emotion: neutral. Overall Sentiment: Positive.",Japanese Fusion,Tasting Menu / Omakase,Foodie Adventure,0.5614,Theatrical & Experiential,0.4601,0.0069,0.0369,0.0078,0.8175,0.914,0.0102,0.0701,neutral,Positive,0.7703,Dramatic & Exciting
Red Fish Restaurant,West Hollywood,A sophisticated West Hollywood restaurant combining premium steaks with exquisite sushi and handcrafted cocktails in an inviting atmosphere with a covered patio.,"8452 Melrose Ave, West Hollywood, CA 90069",(310) 295-9109,$$$$,Steakhouse / Sushi,Trendy,No,No,4.8,Daily (dinner only),Yes,No,"Red Fish Restaurant is a Steakhouse / Sushi restaurant located in West Hollywood, Los Angeles. A sophisticated West Hollywood restaurant combining premium steaks with exquisite sushi and handcrafted cocktails in an inviting atmosphere with a covered patio. Price range: $$$$. Atmosphere: Trendy. Michelin Guide: No. Customer Rating: 4.8/5 Cuisine Group: Steakhouse. Dining Format: Full Service. Best For: Special Occasion. Vibe: Refined & Elegant Dining Mood: Elegant & Refined. Dominant Emotion: neutral. Overall Sentiment: Positive.",Steakhouse,Full Service,Special Occasion,0.3257,Refined & Elegant,0.3133,0.012,0.4099,0.0045,0.8983,0.9576,0.0377,0.0809,neutral,Positive,0.8907,Elegant & Refined
Maison Kasai at Level 8,Downtown Los Angeles,A 10-seat teppanyaki counter blending French sophistication with Japanese precision featuring A5 Wagyu and lobster with Normandy butter in a theatrical adults-only setting.,"1254 S Figueroa St 8th Floor, Los Angeles, CA 90015",(213) 789-7852,$$$$,Teppanyaki,Fine-Dining,No,No,4.3,Wed-Sun (dinner only),Reservation Only,No,"Maison Kasai at Level 8 is a Teppanyaki restaurant located in Downtown Los Angeles, Los Angeles. A 10-seat teppanyaki counter blending French sophistication with Japanese precision featuring A5 Wagyu and lobster with Normandy butter in a theatrical adults-only setting. Price range: $$$$. Atmosphere: Fine-Dining. Michelin Guide: No. Customer Rating: 4.3/5 Cuisine Group: Japanese. Dining Format: A La Carte / Casual. Best For: Special Occasion. Vibe: Refined & Elegant Dining Mood: Dramatic & Exciting. Dominant Emotion: neutral. Overall Sentiment: Neutral.",Japanese,A La Carte / Casual,Special Occasion,0.4147,Refined & Elegant,0.6261,0.012,0.4099,0.01,0.6889,0.9052,0.0377,0.0955,neutral,Neutral,0.7958,Dramatic & Exciting
San Laurel,Downtown Los Angeles,A contemporary Spanish restaurant located inside the Conrad Los Angeles hotel offering refined Spanish-California cuisine in a stylish Michelin Key hotel setting.,"100 S Grand Ave, Los Angeles, CA 90012",(213) 349-8585,$$$$,Spanish,Fine-Dining,No,No,4.5,Daily (breakfast lunch & dinner),Yes,No,"San Laurel is a Spanish restaurant located in Downtown Los Angeles, Los Angeles. A contemporary Spanish restaurant located inside the Conrad Los Angeles hotel offering refined Spanish-California cuisine in a stylish Michelin Key hotel setting. Price range: $$$$. Atmosphere: Fine-Dining. Michelin Guide: No. Customer Rating: 4.5/5 Cuisine Group: Spanish. Dining Format: Full Service. Best For: Special Occasion. Vibe: Refined & Elegant Dining Mood: Elegant & Refined. Dominant Emotion: neutral. Overall Sentiment: Neutral.",Spanish,Full Service,Special Occasion,0.4242,Refined & Elegant,0.6733,0.012,0.4099,0.0045,0.9055,0.9576,0.0377,0.06,neutral,Neutral,0.5336,Elegant & Refined
H&H Brazilian Steakhouse,Downtown Los Angeles,The number one Brazilian steakhouse in Los Angeles offering the highest grade Halal beef lamb and chicken with A5 Wagyu available in a vibrant churrascaria-style setting.,"518 W. 7th St., Los Angeles, CA 90014",(213) 266-8103,$$$$,Brazilian Steakhouse,Fine-Dining,No,No,4.3,Daily (lunch & dinner),Yes,No,"H&H Brazilian Steakhouse is a Brazilian Steakhouse restaurant located in Downtown Los Angeles, Los Angeles. The number one Brazilian steakhouse in Los Angeles offering the highest grade Halal beef lamb and chicken with A5 Wagyu available in a vibrant churrascaria-style setting. Price range: $$$$. Atmosphere: Fine-Dining. Michelin Guide: No. Customer Rating: 4.3/5 Cuisine Group: Steakhouse. Dining Format: Full Service. Best For: Foodie Adventure. Vibe: Theatrical & Experiential Dining Mood: Dramatic & Exciting. Dominant Emotion: neutral. Overall Sentiment: Positive.",Steakhouse,Full Service,Foodie Adventure,0.3726,Theatrical & Experiential,0.4234,0.0076,0.0283,0.0078,0.7328,0.9576,0.0102,0.0697,neutral,Positive,0.8455,Dramatic & Exciting
The Biltmore Los Angeles,Downtown Los Angeles,A historic luxury American dining experience inside the iconic Biltmore Hotel featuring opulent nostalgic decor carved granite bar and gallery-style ambiance.,"506 S Grand Ave, Los Angeles, CA 90071",(213) 624-1011,$$$$,American,Fine-Dining,No,No,4.4,Daily (breakfast lunch & dinner),Yes,No,"The Biltmore Los Angeles is a American restaurant located in Downtown Los Angeles, Los Angeles. A historic luxury American dining experience inside the iconic Biltmore Hotel featuring opulent nostalgic decor carved granite bar and gallery-style ambiance. Price range: $$$$. Atmosphere: Fine-Dining. Michelin Guide: No. Customer Rating: 4.4/5 Cuisine Group: Contemporary American. Dining Format: Full Service. Best For: Special Occasion. Vibe: Refined & Elegant Dining Mood: Warm & Inviting. Dominant Emotion: neutral. Overall Sentiment: Positive.",Contemporary American,Full Service,Special Occasion,0.4027,Refined & Elegant,0.5755,0.012,0.4099,0.0045,0.8369,0.9576,0.0377,0.0873,neutral,Positive,0.8737,Warm & Inviting
Badmaash,Hollywood,A Michelin Selected modern Indian restaurant blending bold subcontinental flavors with California ingredients in a casual yet refined setting.,"418 N Fairfax Ave, Los Angeles, CA 90036",(213) 281-5185,$$,Indian,Casual,No,Michelin-Selected,4.3,Tue-Sun (lunch & dinner),Yes,No,"Badmaash is a Indian restaurant located in Hollywood, Los Angeles. A Michelin Selected modern Indian restaurant blending bold subcontinental flavors with California ingredients in a casual yet refined setting. Price range: $$. Atmosphere: Casual. Michelin Guide: Michelin-Selected. Customer Rating: 4.3/5 Cuisine Group: Asian Fusion. Dining Format: A La Carte / Casual. Best For: Special Occasion. Vibe: Refined & Elegant Dining Mood: Dramatic & Exciting. Dominant Emotion: neutral. Overall Sentiment: Neutral.",Asian Fusion,A La Carte / Casual,Special Occasion,0.3044,Refined & Elegant,0.8076,0.012,0.4099,0.0084,0.8985,0.9052,0.0377,0.1139,neutral,Neutral,0.7255,Dramatic & Exciting
Badmaash,Downtown Los Angeles,The 2nd Location of the Michelin Selected modern Indian restaurant blending bold subcontinental flavors with California ingredients in a casual yet refined setting.,"108 W 2nd St Apt 104, Los Angeles, CA 90012",(213) 221-7466,$$,Indian,Casual,No,Michelin-Selected,3.9,Mon-Fri 11:30am-10pm / Sat-Sun 12pm-10pm,Yes,No,"Badmaash is a Indian restaurant located in Downtown Los Angeles, Los Angeles. The 2nd Location of the Michelin Selected modern Indian restaurant blending bold subcontinental flavors with California ingredients in a casual yet refined setting. Price range: $$. Atmosphere: Casual. Michelin Guide: Michelin-Selected. Customer Rating: 3.9/5 Cuisine Group: Asian Fusion. Dining Format: A La Carte / Casual. Best For: Special Occasion. Vibe: Refined & Elegant Dining Mood: Dramatic & Exciting. Dominant Emotion: joy. Overall Sentiment: Neutral.",Asian Fusion,A La Carte / Casual,Special Occasion,0.2895,Refined & Elegant,0.7058,0.012,0.4099,0.0084,0.9054,0.9052,0.0377,0.1206,joy,Neutral,0.7067,Dramatic & Exciting
Redbird,Downtown Los Angeles,A Michelin Selected contemporary American restaurant inside a stunning 1920s cathedral rectory offering seasonal California-inspired cuisine in a dramatic historic setting.,"114 E 2nd St, Los Angeles, CA 90012",(213) 788-1191,$$$,Contemporary,Fine-Dining,No,Michelin-Selected,4.5,Daily (dinner only),Yes,No,"Redbird is a Contemporary restaurant located in Downtown Los Angeles, Los Angeles. A Michelin Selected contemporary American restaurant inside a stunning 1920s cathedral rectory offering seasonal California-inspired cuisine in a dramatic historic setting. Price range: $$$. Atmosphere: Fine-Dining. Michelin Guide: Michelin-Selected. Customer Rating: 4.5/5 Cuisine Group: Contemporary American. Dining Format: Full Service. Best For: Special Occasion. Vibe: Theatrical & Experiential Dining Mood: Dramatic & Exciting. Dominant Emotion: neutral. Overall Sentiment: Positive.",Contemporary American,Full Service,Special Occasion,0.4607,Theatrical & Experiential,0.3562,0.0097,0.0283,0.0128,0.7876,0.9576,0.0102,0.0943,neutral,Positive,0.6823,Dramatic & Exciting
Sushi Takeda,Little Tokyo,A Michelin Selected traditional Japanese sushi restaurant offering an intimate omakase experience with exceptional seasonal fish and skilled traditional technique.,"123 Astronaut Ellison S Onizuka St ste 307 3rd floor, Los Angeles, CA 90012",(213) 613-0083,$$$$,Japanese,Fine-Dining,No,Michelin-Selected,4.6,Tue-Sat (dinner only),Reservation Only,No,"Sushi Takeda is a Japanese restaurant located in Little Tokyo, Los Angeles. A Michelin Selected traditional Japanese sushi restaurant offering an intimate omakase experience with exceptional seasonal fish and skilled traditional technique. Price range: $$$$. Atmosphere: Fine-Dining. Michelin Guide: Michelin-Selected. Customer Rating: 4.6/5 Cuisine Group: Japanese. Dining Format: Tasting Menu / Omakase. Best For: Special Occasion. Vibe: Intimate Dining Mood: Intimate & Personal. Dominant Emotion: neutral. Overall Sentiment: Positive.",Japanese,Tasting Menu / Omakase,Special Occasion,0.5466,Intimate,0.6361,0.0097,0.0369,0.0092,0.6815,0.914,0.0102,0.0802,neutral,Positive,0.5712,Intimate & Personal
Baroo,Downtown Los Angeles,A Michelin Selected Korean contemporary restaurant offering fermentation-driven dishes that blur the line between Korean tradition and California innovation.,"905 E 2nd St #109, Los Angeles, CA 90012",(213) 221-7967,$$$$,Korean Contemporary,Trendy,No,Michelin-Selected,4.5,Wed-Sat (dinner only),Reservation Only,No,"Baroo is a Korean Contemporary restaurant located in Downtown Los Angeles, Los Angeles. A Michelin Selected Korean contemporary restaurant offering fermentation-driven dishes that blur the line between Korean tradition and California innovation. Price range: $$$$. Atmosphere: Trendy. Michelin Guide: Michelin-Selected. Customer Rating: 4.5/5 Cuisine Group: Asian Fusion. Dining Format: Full Service. Best For: Special Occasion. Vibe: Hip & Trendy Dining Mood: Lively & Energetic. Dominant Emotion: neutral. Overall Sentiment: Neutral.",Asian Fusion,Full Service,Special Occasion,0.3555,Hip & Trendy,0.3998,0.0259,0.0264,0.007,0.5822,0.9576,0.0103,0.1194,neutral,Neutral,0.8504,Lively & Energetic
Damian,Downtown Los Angeles,A Michelin Selected upscale Mexican restaurant from Chef Enrique Olvera offering refined contemporary Mexican cuisine in a sleek and minimalist Arts District setting.,"2132 E 7th Pl, Los Angeles, CA 90021",(213) 270-0178,$$$,Mexican,Fine-Dining,No,Michelin-Selected,4.6,Tue-Sun (dinner only),Yes,No,"Damian is a Mexican restaurant located in Downtown Los Angeles, Los Angeles. A Michelin Selected upscale Mexican restaurant from Chef Enrique Olvera offering refined contemporary Mexican cuisine in a sleek and minimalist Arts District setting. Price range: $$$. Atmosphere: Fine-Dining. Michelin Guide: Michelin-Selected. Customer Rating: 4.6/5 Cuisine Group: Mexican / Latin. Dining Format: Full Service. Best For: Special Occasion. Vibe: Refined & Elegant Dining Mood: Intimate & Personal. Dominant Emotion: neutral. Overall Sentiment: Positive.",Mexican / Latin,Full Service,Special Occasion,0.44,Refined & Elegant,0.7491,0.012,0.4099,0.0055,0.696,0.9576,0.0377,0.0585,neutral,Positive,0.7365,Intimate & Personal
Majordomo,Chinatown,A Michelin Selected Asian-influenced restaurant from Chef David Chang offering bold shareable plates and wood-fired meats in a lively industrial Chinatown space.,"1725 Naud St, Los Angeles, CA 90012",(323) 545-4880,$$$,Asian,Trendy,No,Michelin-Selected,4.2,Daily (dinner only),Yes,No,"Majordomo is a Asian restaurant located in Chinatown, Los Angeles. A Michelin Selected Asian-influenced restaurant from Chef David Chang offering bold shareable plates and wood-fired meats in a lively industrial Chinatown space. Price range: $$$. Atmosphere: Trendy. Michelin Guide: Michelin-Selected. Customer Rating: 4.2/5 Cuisine Group: Asian Fusion. Dining Format: Full Service. Best For: Special Occasion. Vibe: Hip & Trendy Dining Mood: Dramatic & Exciting. Dominant Emotion: neutral. Overall Sentiment: Positive.",Asian Fusion,Full Service,Special Occasion,0.352,Hip & Trendy,0.3273,0.0259,0.0302,0.0067,0.9572,0.9576,0.011,0.1118,neutral,Positive,0.5803,Dramatic & Exciting
Girl & the Goat Los Angeles,Downtown Los Angeles,A Michelin Selected contemporary American restaurant from James Beard Award winner Stephanie Izard offering bold globally-inspired small plates in a vibrant communal setting.,"555-3 Mateo St, Los Angeles, CA 90013",(213) 799-4628,$$$,Contemporary,Trendy,No,Michelin-Selected,4.4,Daily (dinner only),Yes,No,"Girl & the Goat Los Angeles is a Contemporary restaurant located in Downtown Los Angeles, Los Angeles. A Michelin Selected contemporary American restaurant from James Beard Award winner Stephanie Izard offering bold globally-inspired small plates in a vibrant communal setting. Price range: $$$. Atmosphere: Trendy. Michelin Guide: Michelin-Selected. Customer Rating: 4.4/5 Cuisine Group: Contemporary American. Dining Format: Full Service. Best For: Special Occasion. Vibe: Lively & Social Dining Mood: Dramatic & Exciting. Dominant Emotion: neutral. Overall Sentiment: Positive.",Contemporary American,Full Service,Special Occasion,0.3525,Lively & Social,0.4856,0.0097,0.0211,0.0036,0.8765,0.9576,0.0182,0.0873,neutral,Positive,0.7913,Dramatic & Exciting
Parks BBQ,Koreatown,A Michelin Selected premier Korean barbecue institution in Koreatown celebrated for its premium USDA prime beef and exceptional tableside grilling experience.,"955 S Vermont Ave Suite G, Los Angeles, CA 90006",(213) 380-1717,$$$,Korean,Casual,No,Michelin-Selected,4.5,Daily (lunch & dinner),Yes,No,"Parks BBQ is a Korean restaurant located in Koreatown, Los Angeles. A Michelin Selected premier Korean barbecue institution in Koreatown celebrated for its premium USDA prime beef and exceptional tableside grilling experience. Price range: $$$. Atmosphere: Casual. Michelin Guide: Michelin-Selected. Customer Rating: 4.5/5 Cuisine Group: Asian Fusion. Dining Format: A La Carte / Casual. Best For: Special Occasion. Vibe: Refined & Elegant Dining Mood: Elegant & Refined. Dominant Emotion: neutral. Overall Sentiment: Positive.",Asian Fusion,A La Carte / Casual,Special Occasion,0.3338,Refined & Elegant,0.3158,0.012,0.4099,0.0084,0.8603,0.9052,0.0377,0.1194,neutral,Positive,0.9148,Elegant & Refined
Quarters BBQ,Koreatown,A Michelin Selected Korean barbecue restaurant offering high-quality cuts and a lively grilling experience in the heart of Koreatown.,"3465 W 6th St, Los Angeles, CA 90020",(213) 468-0065,$$$,Korean,Casual,No,Michelin-Selected,4.3,Daily (lunch & dinner),Yes,No,"Quarters BBQ is a Korean restaurant located in Koreatown, Los Angeles. A Michelin Selected Korean barbecue restaurant offering high-quality cuts and a lively grilling experience in the heart of Koreatown. Price range: $$$. Atmosphere: Casual. Michelin Guide: Michelin-Selected. Customer Rating: 4.3/5 Cuisine Group: Asian Fusion. Dining Format: A La Carte / Casual. Best For: Special Occasion. Vibe: Refined & Elegant Dining Mood: Elegant & Refined. Dominant Emotion: joy. Overall Sentiment: Positive.",Asian Fusion,A La Carte / Casual,Special Occasion,0.3047,Refined & Elegant,0.3073,0.012,0.4099,0.0084,0.9533,0.9052,0.0377,0.1139,joy,Positive,0.8605,Elegant & Refined
Fleming's Steakhouse,Downtown Los Angeles,An upscale steakhouse across from Crypto.com Arena offering seven different prime steak cuts handcrafted cocktails and innovative plant-based options.,"800 W Olympic Blvd, Los Angeles, CA 90015",(213) 745-9911,$$$$,Steakhouse,Fine-Dining,No,No,4.6,Daily (dinner only),Yes,Yes,"Fleming's Steakhouse is a Steakhouse restaurant located in Downtown Los Angeles, Los Angeles. An upscale steakhouse across from Crypto.com Arena offering seven different prime steak cuts handcrafted cocktails and innovative plant-based options. Price range: $$$$. Atmosphere: Fine-Dining. Michelin Guide: No. Customer Rating: 4.6/5 Cuisine Group: Steakhouse. Dining Format: Full Service. Best For: Special Occasion. Vibe: Refined & Elegant Dining Mood: Dramatic & Exciting. Dominant Emotion: neutral. Overall Sentiment: Positive.",Steakhouse,Full Service,Special Occasion,0.3786,Refined & Elegant,0.5945,0.012,0.4099,0.0147,0.759,0.9576,0.0377,0.1045,neutral,Positive,0.6215,Dramatic & Exciting
Aperture at City Club LA,Downtown Los Angeles,A contemporary American restaurant on the 51st floor of City National Plaza offering breathtaking Hollywood Hills and LA skyline views with locally-sourced globally-inspired dishes.,"555 S Flower St 51st Floor, Los Angeles, CA 90071",(213) 620-9662,$$$$,Contemporary American,Fine-Dining,Yes,No,4.2,Mon-Fri (lunch & dinner),Yes,Yes,"Aperture at City Club LA is a Contemporary American restaurant located in Downtown Los Angeles, Los Angeles. A contemporary American restaurant on the 51st floor of City National Plaza offering breathtaking Hollywood Hills and LA skyline views with locally-sourced globally-inspired dishes. Price range: $$$$. Atmosphere: Fine-Dining. Michelin Guide: No. Customer Rating: 4.2/5. Rooftop/top-floor dining Cuisine Group: Contemporary American. Dining Format: Full Service. Best For: Special Occasion. Vibe: Hip & Trendy Dining Mood: Elegant & Refined. Dominant Emotion: neutral. Overall Sentiment: Positive.",Contemporary American,Full Service,Special Occasion,0.3518,Hip & Trendy,0.3554,0.0259,0.0264,0.0169,0.7426,0.9576,0.0107,0.2043,neutral,Positive,0.7261,Elegant & Refined
Steak 48,Beverly Hills,"Steak 48, Founded by the Mastro brothers, is an upscale, contemporary fine-dining steakhouse known for USDA Prime steaks, fresh seafood, and a vibrant atmosphere.","9680 Wilshire Blvd Beverly Hills, CA 90212",(310) 388-0048,$$$$,Steakhouse,Fine-Dining,No,No,4.6,Mon-Fri 5pm-9:45 / Sat-Sun 4pm-9:45pm,Yes,Strict,"Steak 48 is a Steakhouse restaurant located in Beverly Hills, Los Angeles. Steak 48, Founded by the Mastro brothers, is an upscale, contemporary fine-dining steakhouse known for USDA Prime steaks, fresh seafood, and a vibrant atmosphere. Price range: $$$$. Atmosphere: Fine-Dining. Michelin Guide: No. Customer Rating: 4.6/5 Cuisine Group: Steakhouse. Dining Format: Full Service. Best For: Special Occasion. Vibe: Refined & Elegant Dining Mood: Elegant & Refined. Dominant Emotion: neutral. Overall Sentiment: Positive.",Steakhouse,Full Service,Special Occasion,0.4263,Refined & Elegant,0.2618,0.012,0.4099,0.0045,0.4745,0.9576,0.0377,0.0728,neutral,Positive,0.7849,Elegant & Refined
The Arthur J,Manhattan Beach,"The Arthur J is a high-end, mid-century modern steakhouse in Manhattan Beach, CA. it offers a refined yet lively atmosphere featuring a custom wood-fired grill for wet & dry-aged steaks.","903 Manhattan Ave. Manhattan Beach, CA 90266",(310) 878-9620,$$$$,Steakhouse,Fine-Dining,No,No,4.6,Mon-Wed 4pm-9:45pm / Thurs-Sat 4pm-10:45pm / Sun 10am-9:45pm,No,No,"The Arthur J is a Steakhouse restaurant located in Manhattan Beach, Los Angeles. The Arthur J is a high-end, mid-century modern steakhouse in Manhattan Beach, CA. it offers a refined yet lively atmosphere featuring a custom wood-fired grill for wet & dry-aged steaks. Price range: $$$$. Atmosphere: Fine-Dining. Michelin Guide: No. Customer Rating: 4.6/5 Cuisine Group: Steakhouse. Dining Format: Full Service. Best For: Special Occasion. Vibe: Refined & Elegant Dining Mood: Elegant & Refined. Dominant Emotion: joy. Overall Sentiment: Positive.",Steakhouse,Full Service,Special Occasion,0.3181,Refined & Elegant,0.4228,0.012,0.4099,0.0051,0.9845,0.9576,0.0377,0.0845,joy,Positive,0.7113,Elegant & Refined
The Belvedere,Beverly Hills,"Located in The Peninsula Beverly Hills Hotel, is a refined, AAA 5-Diamond & Forbes 4-star restaurant offering French-Californian cuisine, focusing on local & sustainable seafood and produce.","9882 S Santa Monica Blvd Ground Floor, Beverly Hills, CA 90212",(310) 975-2736,$$$$$,Mediterranean / French-Californian,Smart-Casual,No,No,4.5,Daily (breakfast lunch & dinner),Yes,No,"The Belvedere is a Mediterranean / French-Californian restaurant located in Beverly Hills, Los Angeles. Located in The Peninsula Beverly Hills Hotel, is a refined, AAA 5-Diamond & Forbes 4-star restaurant offering French-Californian cuisine, focusing on local & sustainable seafood and produce. Price range: $$$$$. Atmosphere: Smart-Casual. Michelin Guide: No. Customer Rating: 4.5/5 Cuisine Group: French. Dining Format: A La Carte / Casual. Best For: Special Occasion. Vibe: Refined & Elegant Dining Mood: Elegant & Refined. Dominant Emotion: neutral. Overall Sentiment: Positive.",French,A La Carte / Casual,Special Occasion,0.2291,Refined & Elegant,0.3981,0.012,0.4099,0.0084,0.4698,0.9052,0.0377,0.085,neutral,Positive,0.5016,Elegant & Refined
Elephante,Santa Monica,"A premier rooftop restaurant & lounge with stunning, direct Pacific Ocean views. This trendy, upscale spot offers a chic, bohemian aesthetic designed to feel like a beach getaway.","1332 2nd St Rooftop, Santa Monica, CA 90401",(424) 722-8647,$$$$,Italian,Trendy,Yes,Michelin-Selected,4.6,Mon-Thurs 10am-12am / Fri-Sun 9am-1am,Yes,No,"Elephante is a Italian restaurant located in Santa Monica, Los Angeles. A premier rooftop restaurant & lounge with stunning, direct Pacific Ocean views. This trendy, upscale spot offers a chic, bohemian aesthetic designed to feel like a beach getaway. Price range: $$$$. Atmosphere: Trendy. Michelin Guide: Michelin-Selected. Customer Rating: 4.6/5. Rooftop/top-floor dining Cuisine Group: Italian. Dining Format: Full Service. Best For: Special Occasion. Vibe: Hip & Trendy Dining Mood: Lively & Energetic. Dominant Emotion: neutral. Overall Sentiment: Positive.",Italian,Full Service,Special Occasion,0.497,Hip & Trendy,0.3681,0.0259,0.0264,0.0054,0.9155,0.9576,0.0103,0.0764,neutral,Positive,0.9044,Lively & Energetic
Nobu Malibu,Malibu,"Nobu Malibu is a premier, upscale oceanfront restaurant in Malibu, California, renowned for its Japanese-Peruvian fusion cuisine and stunning, panoramic views of the Pacific Ocean.","22706 Pacific Coast Hwy, Malibu, CA 90265",(310) 317-9140,$$$$$,Japanese / Peruvian,Romantic / Smart-Casual,No,No,4.3,Sun-Thurs 12pm-10pm / Fri-Sat 12pm-11pm,Yes,No,"Nobu Malibu is a Japanese / Peruvian restaurant located in Malibu, Los Angeles. Nobu Malibu is a premier, upscale oceanfront restaurant in Malibu, California, renowned for its Japanese-Peruvian fusion cuisine and stunning, panoramic views of the Pacific Ocean. Price range: $$$$$. Atmosphere: Romantic / Smart-Casual. Michelin Guide: No. Customer Rating: 4.3/5 Cuisine Group: Japanese Fusion. Dining Format: A La Carte / Casual. Best For: Special Occasion. Vibe: Cozy & Relaxed Dining Mood: Warm & Inviting. Dominant Emotion: neutral. Overall Sentiment: Positive.",Japanese Fusion,A La Carte / Casual,Special Occasion,0.3298,Cozy & Relaxed,0.3093,0.0104,0.0842,0.0098,0.7591,0.9052,0.0289,0.081,neutral,Positive,0.8943,Warm & Inviting
Nobu Los Angeles,West Hollywood,"Nobu Los Angeles, located in West Hollywood on La Cienega Boulevard, is a high-end, stylish, and intimate restaurant also known for its Japanese-Peruvian fusion cuisine.","903 N La Cienega Blvd, Los Angeles, CA 90069",(310) 657-5711,$$$$$,Japanese / Peruvian,Trendy / Smart-Casual,No,No,4.3,Sun-Thurs 5:30pm-10pm / Fri-Sat 5:30pm-11pm,Yes,No,"Nobu Los Angeles is a Japanese / Peruvian restaurant located in West Hollywood, Los Angeles. Nobu Los Angeles, located in West Hollywood on La Cienega Boulevard, is a high-end, stylish, and intimate restaurant also known for its Japanese-Peruvian fusion cuisine. Price range: $$$$$. Atmosphere: Trendy / Smart-Casual. Michelin Guide: No. Customer Rating: 4.3/5 Cuisine Group: Japanese Fusion. Dining Format: A La Carte / Casual. Best For: Special Occasion. Vibe: Intimate Dining Mood: Intimate & Personal. Dominant Emotion: neutral. Overall Sentiment: Positive.",Japanese Fusion,A La Carte / Casual,Special Occasion,0.2623,Intimate,0.3383,0.0225,0.0842,0.0162,0.6881,0.9052,0.0289,0.081,neutral,Positive,0.6237,Intimate & Personal
Yamashiro,Hollywood Hills,Yamashiro sits atop The Hollywood Hills with break-taking panoramic views of Los Angeles. The dining experience boasts Asian-inspired dishes & cocktails,"1999 N Sycamore Ave, Los Angeles, CA 90068",(323) 466-5125,$$$$,Japanese / Sushi,Romantic / Smart-Casual,Yes,No,4.3,Mon-Sat 5pm-11pm / Sun 11am-11pm,Yes,Yes,"Yamashiro is a Japanese / Sushi restaurant located in Hollywood Hills, Los Angeles. Yamashiro sits atop The Hollywood Hills with break-taking panoramic views of Los Angeles. The dining experience boasts Asian-inspired dishes & cocktails Price range: $$$$. Atmosphere: Romantic / Smart-Casual. Michelin Guide: No. Customer Rating: 4.3/5. Rooftop/top-floor dining Cuisine Group: Japanese. Dining Format: A La Carte / Casual. Best For: Casual Night Out. Vibe: Cozy & Relaxed Dining Mood: Warm & Inviting. Dominant Emotion: neutral. Overall Sentiment: Positive.",Japanese,A La Carte / Casual,Casual Night Out,0.3166,Cozy & Relaxed,0.3819,0.0132,0.0842,0.0411,0.7591,0.8706,0.0289,0.149,neutral,Positive,0.6071,Warm & Inviting
LouLou,Santa Monica,"From the exquisite open air outdoor patio, to Pacific Ocean views, LouLou offers an quintessential French & Californian dining experience served in a cosmopolitan venue with ocean & sunset views.","395 Santa Monica Pl #300, Santa Monica, CA 90401",(323) 410-2337,$$$$,French / Mediterranean,Casual,Yes,No,4.3,Mon-Wed 11:30am-11pm / Thurs-Sat 11:30am-12am / Sun 11:30am-10pm,Yes,No,"LouLou is a French / Mediterranean restaurant located in Santa Monica, Los Angeles. From the exquisite open air outdoor patio, to Pacific Ocean views, LouLou offers an quintessential French & Californian dining experience served in a cosmopolitan venue with ocean & sunset views. Price range: $$$$. Atmosphere: Casual. Michelin Guide: No. Customer Rating: 4.3/5. Rooftop/top-floor dining Cuisine Group: French. Dining Format: A La Carte / Casual. Best For: Special Occasion. Vibe: Refined & Elegant Dining Mood: Elegant & Refined. Dominant Emotion: neutral. Overall Sentiment: Positive.",French,A La Carte / Casual,Special Occasion,0.2663,Refined & Elegant,0.2892,0.012,0.4099,0.0084,0.737,0.9052,0.0377,0.0629,neutral,Positive,0.9183,Elegant & Refined
